feedbackId,id,sentiment,baseFrame,DidSpecifyRange,endFrame,timeSpentWritingFeedBackSec,index,createdAt,feedback,reason,startFrame
1pr6CgiUm0ZWW6QJQrkZ,OeRSZHBtvwWiosGO9DfO,1,68,TRUE,71,67.22,2,2026-04-21T05:46:12.453Z,Unsure what chef in the blue hat is doing here. He seems to be pacing around while chef in the green hat is moving all about.,Questioning what blue chef's role is here.,50
1pr6CgiUm0ZWW6QJQrkZ,Ws4PFdcT3uPu3yCoCNZ9,2,32,TRUE,34,43.03,1,2026-04-21T05:46:12.298Z,Taking the onions to the pot one at a time seems very inefficient. ,There is a better way to complete this task.,14
2AbcIJ7jnfI8gxAwb7C9,r2P80bkQ5Ijf3Q2fSUtb,5,67,TRUE,69,56.32,1,2026-04-21T05:51:38.284Z,It is going really well,For update,65
3qWZ8Uw942SZzXEOQnY8,ZWvHTEpxeptz6HHLXnB4,5,27,TRUE,29,62.43,1,2026-04-21T05:49:22.176Z,"Both are working together and efficiently, getting more done while both are simultaneously doing the same task for a greater output ",Seeing the increased efficiency in their tasking and output,5
3qWZ8Uw942SZzXEOQnY8,zp5y5f4xryviAFRZopLP,1,73,TRUE,75,77.06,2,2026-04-21T05:49:22.331Z,Green chef is pacing seemingly without purpose here while blue chef continues to work. It makes green chef look lazy or tired,Blue chef seems to now be working harder than green chef,54
46bH62owYmzHlQFcxs87,9yYBxBlytJ4mZJiYV6J1,1,9,TRUE,13,95.83,1,2026-04-21T05:52:40.486Z,The Chef get stuck,The AI gets confused trying to have all the chef put there onions at the same pot. Because of this they get stuck on one another. Wasting time.,7
46bH62owYmzHlQFcxs87,I5Wss0xZE2OyfQA7nYBJ,1,0,TRUE,99,85.85,2,2026-04-21T05:52:40.616Z,The AI mainly focuses on one pot,I assume it happens because the AI momentarily forgets that the upper pot exists and tells all the chefs to do everything with the bottom pot.,0
6zcw4QOofOIcmDB8HKpJ,44csSD9XLQV1fr5E1MMA,2,17,TRUE,48,101.3,2,2026-04-21T06:33:09.246Z,"They are all, focusing on the bottom stove again, and the top stove is not being used properly.",Inefficient decision making and movement.,42
6zcw4QOofOIcmDB8HKpJ,V7Dyho6DpsVLNaWjxWQR,4,45,TRUE,92,40.32,3,2026-04-21T06:33:09.421Z,"Finally using the other stove, but a little too late.","Made some good decisions, but it was far too late.",85
6zcw4QOofOIcmDB8HKpJ,zqO0kDA4lU3VjXlyJxSX,2,10,TRUE,17,24.01,1,2026-04-21T06:33:09.046Z,"They all went to the same stove, which caused a delay.",Inefficient decision making.,7
70BAc5eVY7Ib6Srkiqp6,QKgtSNk5oq7ab9MYgOd2,5,48,TRUE,50,19.44,2,2026-04-21T05:51:02.576Z,Served 1,Served 1 correctly,46
70BAc5eVY7Ib6Srkiqp6,RhZsXUVrkfBlUk5drG05,5,24,TRUE,48,87.72,1,2026-04-21T05:51:02.435Z,Correct onions to the pot x3,Correct amount of onions to the pot.,48
7Uhf4VR5FQA2adMbnjPj,5LEIErA6hkNtRU3x2JlD,5,22,FALSE,,54.08,1,2026-04-21T06:19:34.876Z,"They worked really well, and had the correct way of doing things.",They were extremely efficient.,
7oPiWBl9qEFmnRcZ4LPK,BtNpHWTZDEqF0bxj0lkQ,4,99,TRUE,93,264.86,1,2026-04-10T04:12:54.955Z,the feed back I would like to do that they are doing great work.  they served 3 and their working process is fast.,The reason for this feedback is they are good at working so I feedback them,5
8JDPY3H7EcIV4UrYpaUG,1ChoALH4e51w4e4eVQFJ,5,99,TRUE,94,469.63,1,2026-04-21T07:05:28.680Z,"All three chefs are functioning efficiently as a unit, with minimal unnecessary actions, movements or delay. I would rate this as a highly positive segment. Overall, the service is excellent. ","The three chefs are operating as quick, efficient team by filling the pots in quick succession, cooking and serving the customers with minimal delay. To me this appears like a highly functional kitchen. ",7
9O6vf4ec1oSSJKzNMP74,TJZGuhqOVKg3yde6kwgb,3,86,TRUE,88,0,1,2026-04-21T05:44:54.325Z,,,84
AcX8a7FMS4ZEIx2r2v8Y,tPhrAmG9YXLhku3d03pb,2,29,TRUE,31,160.6,1,2026-04-10T04:24:28.852Z,"One chef is passing the onion to the other chef to take to the pot. They are working together, but it isn't very efficient.",If they both took the onions to the pot it would be faster.,27
AcX8a7FMS4ZEIx2r2v8Y,xIsWyAWtTKHV0O4F8SHL,1,92,TRUE,99,164.08,2,2026-04-10T04:24:29.000Z,The same chef that took the onions to the pot starts taking the dishes to the pot and then serves while the other chef just moves onions around.,"Again, it's not very efficient. If both chefs were working together, such as one taking the dishes to the pot and the other serving, it would be a faster process.",90
B6PyA8OqlWCHkvgaGd2X,RAeG0M5M1brmCs6Z0U01,2,77,TRUE,20,768.64,1,2026-04-21T07:20:19.308Z,"The movement of the four chefs could be significantly improved here. I would give a negative rating here because of the time wasting, and inefficient movement and service in the kitchen. ","I noticed that when the four chefs, onions in hand, are all crowded together in a single spot (i.e. close to the pot), they appeared lost and confused. Mostly, they are standing around idly without getting anything done for several seconds at a time. There was a delay in terms of filling the pot and one chef even backtracked all the way up the screen towards the other pot. This kitchen is chaotic and too crowded and not well organized leading me to give it a lower score overall. ",7
Dha7EYDRNslxvwlRkU4m,Ax5LmhOB2RdNAwjnSRXK,1,76,TRUE,99,580.68,2,2026-04-21T06:56:56.319Z,The green-hatted chef appears confused in this section and fails to realize that their is a plate ready to serve in the top-right area of the kitchen. I would rate this as poor overall performance. ,"The green-hatted chef appeared idle and confused for a time in this section of the episode and failed completely to meet their objective in serving the plate that was ready to serve in the top-right, choosing instead to wait on the blue-hatted chef to finish with their cooking in order to serve that plate to the customers instead. If the green-hatted chef had acted properly, both serves could have served at least one more customer in the allotted timeframe. ",38
Dha7EYDRNslxvwlRkU4m,wNrkuvJ6Vv4aJaTCXsPy,5,0,TRUE,25,204.56,1,2026-04-21T06:56:56.190Z,"Both chefs are working well, in tandem, filling their respective pots with onions with minimal delay. This is good, solid teamwork. ","I noticed that both chefs are working together far more efficiently this episode, without wasting time which I believe is also due in part to the improved kitchen layout.  ",0
DhkwqJJFz1thX7JVAk0o,3wYZ8UPSkCkaih7Qlhsf,3,22,TRUE,24,0,2,2026-04-21T06:33:18.845Z,,,20
DhkwqJJFz1thX7JVAk0o,PyyUOV6af2thYpJhNl6E,2,16,TRUE,22,564.06,1,2026-04-21T06:33:18.703Z,"The chef with the blue hat had previously efficiently chosen to pass the onions to the chef with green hat so that they could be added to the pot with minimal delay; however, this time blue-hatted chef chose to travel around the entire kitchen area to add it himself which was a time wasting, inefficient move. ","My judgment is based on the movements and actions of the blue-hatted chef and how this action appeared to me as slow and inefficient. It would have been better if the chef with the blue hat had passed all of the onions to the chef with the green hat, who was standing closest to the pot. I'm thinking it terms of how the actions of the characters could be both seamless and expeditious. ",13
EIXjMvazDuUycfDyDf1D,qChMJLI62kM5IjZxrICC,1,0,TRUE,99,71.93,1,2026-04-21T06:46:21.284Z,Blue hat never hands green hat an empty plate.,Bad strategy.,0
EvbuG21FuIqAc57gKOvD,KHYcyIkVhAX36dzR860b,5,32,TRUE,26,63.42,1,2026-04-21T06:43:51.916Z,They are working well as a team and saving time.,It seems like they are implementing a successful strategy.,0
EvbuG21FuIqAc57gKOvD,LbWp2vWJlPmfMv4dkeHk,2,42,TRUE,41,52.7,2,2026-04-21T06:43:52.087Z,Why did blue hat chef put an onion there?,Strange behavior.,36
FPFFXUwtPwCHVqlAowgZ,w8xw9pskPBaqgPwAJGJD,5,99,TRUE,99,47.7,1,2026-04-21T05:56:10.278Z,the number of chefs increase to 4,to point out the chefs effective collaboration,97
Gc3DYtmAzhlBegO7jhBy,e4cIhoULHIlb4OetbJHB,4,43,TRUE,45,49.22,1,2026-04-21T05:54:39.812Z,there were 3 chefs in the place for two but collaborated effectively,the number of chefs had increased,41
HfBZTRYk3QJ5Hy6Vi3Hw,5PqExKQPfcroFso5XEMM,3,17,TRUE,19,0,2,2026-04-10T04:14:16.384Z,,,15
HfBZTRYk3QJ5Hy6Vi3Hw,HN84pykRgFIbvPeRrttD,5,39,TRUE,52,31.81,3,2026-04-10T04:14:16.519Z,good transition and efficient movement,efficient and productive,37
HfBZTRYk3QJ5Hy6Vi3Hw,itDsqaMmHg00t32oOe3Z,1,13,TRUE,17,29.77,1,2026-04-10T04:14:16.259Z,Logjam at one stove with the other empty and all chefs fighting for space,inefficient,11
IZzJCoMoSSJocjGYUSL3,YEDqtewMQ4tXg3fa98bD,5,34,TRUE,36,108.02,1,2026-04-21T05:43:37.954Z,"Chefs are working very collaboratively, each taking on different tasks.",How they are interacting with each other (e.g. tossing onions to be cooked in pot) and getting right into the task.,7
IZzJCoMoSSJocjGYUSL3,tUQylrgPLFwKxxv4BNa3,5,77,TRUE,86,67.48,2,2026-04-21T05:43:38.077Z,"They are both taking turns doing the same job, as to pick up from the other ","They seem to have a good flow and are task sharing, responding to what is needed in the moment. ",59
J0IGiUBDiFf66scB7waD,8VraJ04cv6Gqks447rqy,2,0,TRUE,1,59.81,1,2026-04-10T04:08:20.483Z,AI chef travels 1 square in the wrong direction to start,It is an unnecessary movement,0
J0IGiUBDiFf66scB7waD,utjbS7ekdSLlSZDPJOiS,1,1,TRUE,79,153.42,2,2026-04-10T04:08:20.632Z,"This is a huge dead time zone, where one chef is not preparing or contributing while the other does all the work",massively unproductive,39
J4gessDYclxB5o3VEPN8,MrFWEX4wUDLzXlRcjFcP,2,99,TRUE,99,176.39,2,2026-04-10T04:41:15.240Z,"The chefs also seem to be somewhat disorganised with taking the dishes to the pots and serving. It appears to be the blue and orange chef doing it, but at time they don't seem to know where thy are supposed to go.",Assigning tasks better would have made things more efficient. Also assigning stations and sides of the kitchen to work on would have eliminated all four chefs being in one area unsure of which way to go.,97
J4gessDYclxB5o3VEPN8,gkqpm794Xun3fLV4JKzM,2,52,TRUE,54,105.43,1,2026-04-10T04:41:15.031Z,"The chefs appear to be trying to take onions to both pots, but are highly disorganised and don't seem to know where they are supposed to go.","If they had organised who was supposed to take onions to each pot, the process would be streamlined and faster.",0
KYPIwjoO5gbo1N2HHHOx,BSC84dQTRg95Q5Ynq8ZP,5,3,TRUE,5,108.11,1,2026-04-21T06:05:38.528Z,Eacj of the 4 chefs was pickinhg up oinion needed and also wakinh through the servimg area to pick up a dish and also added the onoin to the soup then moving to the serving area to serve the food ,The 4 chefs was actully doing the exact ,1
KnSGYVPZ9LSfg9NN76uv,IwAfhAhVppeCX3L0KWDp,5,41,TRUE,85,138.11,1,2026-04-21T05:43:55.593Z,The AI places onions on two separate counters (Brown Squares).,"Efficiently, after the chef in the green hat serves the first soup, they can retrieve an onion sooner",39
KreQOpDLdu9dCVBAWB6J,iLvQNCzfbaNgk3xKWX8j,5,21,TRUE,22,176.53,1,2026-04-10T04:34:59.656Z,The chef are working together to fill both pots with onions.,The are efficiently working together to make as much as possible in an efficient way.,0
KreQOpDLdu9dCVBAWB6J,iPlPFyyhQVIkTbtUqFIO,1,36,TRUE,99,223.65,2,2026-04-10T04:34:59.807Z,The blue chef has all the dishes on their side of the kitchen. They take the plates near the green chef but don't hand them any. The blue chef takes the plates to their station and serves the dish and starts taking more onions to the pot while the green chef is never able to serve anything.,"The blue chef is cause the kitchen to become inefficient. If they had of just moved dishes to where the green chef could reach them like the onions, the green chef would also be able to serve, meaning people could receive their food faster.",34
KywrwcEAQMhLta8cEf67,BKkToMVEHLnVvka9TVg9,4,0,TRUE,74,68.41,1,2026-04-21T07:22:53.041Z,I think that it is clear what the chefs are doing,Because I can undaerstan what they are trying to acheive,0
OOwIvxjb03RzJizNv7U5,D6Tp1yrKuf7Z5fVkEQgC,1,48,TRUE,52,36.89,2,2026-04-21T06:50:55.477Z,Having to wait for each other.,not a very efficient strategy.,41
OOwIvxjb03RzJizNv7U5,ooNf4UXuoo8QszmAGYQ2,1,15,TRUE,18,36.37,1,2026-04-21T06:50:55.183Z,They are getting in each others way.,Bad strategy for serving the most dishes.,5
Ot1T7FzzdPLQUM5Wx6g8,EuaZg78EEOZGzxTvk7gp,1,99,TRUE,99,52.34,1,2026-04-10T04:22:27.878Z,The feedback is negative here.,There is totally miscommunication between two chefs so they not did good work.,97
P2TDh5tQ9WYv4D4wih8X,LP3iDP9DIbOf90oW8twb,5,63,TRUE,90,51.08,2,2026-04-21T06:22:54.307Z,Really good flow state where all 3 chefs are working in unison. Real good work.,Really well done with their movements and actions.,57
P2TDh5tQ9WYv4D4wih8X,XxSkMrBXNlE6fqS1CC9e,2,42,TRUE,63,59.5,1,2026-04-21T06:22:54.052Z,"Chef in the green hat was stood around waiting for it to be cooked, instead of going helping the other chefs.",Wasn't efficient time spent by green hat.,53
PpXErIRQGqLnFgTouLK4,znSzkVl4abEv8poYRouU,4,74,TRUE,85,65.81,1,2026-04-21T05:58:49.745Z,"pick up onion. add onion to the soup, pick up a dish and serve the soup",the chef was actually doing the exact,61
QBPEiFiR5VueXiRv7lyk,KDHjPXjOOKszIeluLTfA,5,83,TRUE,85,174.39,1,2026-04-10T04:19:32.648Z,There is a miscommunication between chef they all are doing the same work rather than doing it in a strategic way.,The reason for this feedback is that they need to work together by team msnsgement.,81
QK8yila3UEKmBDkpwJv5,06wiAiuaqvyDAu6aDpZo,3,40,TRUE,42,0,2,2026-04-10T04:12:24.421Z,,,38
QK8yila3UEKmBDkpwJv5,eIl7RYJbTvbYgPMVdO22,1,26,TRUE,40,39.2,1,2026-04-10T04:12:24.258Z,"Chef doesnt drop the dish for the other chef, leading to massive downtime on its side",inefficient for no reason,24
ROl7MRFAD9Yh3UgCiTlQ,Lj3LQCYWc67jwTVfUkoL,1,28,TRUE,69,83.79,1,2026-04-21T05:51:15.692Z,"While they are all moving around and contributing, this seems very inefficient with no clear process. Output would be expected to be low/slow","Seeing many moving bodies, without much thought or process",6
SdwE4nlV1AHOKbyGNXhL,vHo7GLf2jNKHtj1GvWok,2,3,TRUE,99,110.32,1,2026-04-21T05:40:47.112Z,"Over the course of the video both chefs make un necessary movements, wasting time.",The AI does not understand or was not instructed to be as efficient as possible,1
TG4F2DXyh5WFScVzGYEM,ENc0N15S3kbBWNInB1wX,2,37,TRUE,39,104.28,1,2026-04-21T05:54:42.504Z,"This scene feels more productive, but also too crowded with now 4 chefs. It still feels disorganized, but at a faster pace, which does not equal better output. ","Seeing what feels like ""too many cooks in the kitchen"" and questioning the efficiency of this with what looks like a faster pace.",9
TG4F2DXyh5WFScVzGYEM,nGci5a7XmCKrD0biuoKR,4,70,TRUE,77,60.16,2,2026-04-21T05:54:42.641Z,Chefs seem to be moving better and more cooperatively here. This part feels more organized and collaborative rather than all of them bouncing around.,Seeing more order and efficiency in their movements as it develops over the course of the video.,49
UrUoMVchO3zBfwgnfE3x,Ta78NGYxasTbieNJvHqH,5,7,TRUE,88,65.47,2,2026-04-10T04:10:53.404Z,AI chefs get into a good rythym,efficient actions by the chefs,50
UrUoMVchO3zBfwgnfE3x,oKNuCm9vSrEP7ATvQzpc,1,12,TRUE,10,70.85,1,2026-04-10T04:10:53.170Z,moves without substance passing things needing picked up,unproductive,0
VlenzTtZsFVeXZuvMKhy,9MrUvutxl1Mu91SsVsV3,2,37,TRUE,39,113.45,1,2026-04-21T05:44:37.627Z,the chefs prepared two onions instead of three,to raise the wrong number of onions was used,35
YtaDqShvITYVZatvCo6o,p5dhh1NvQxJAklLCV7LI,5,79,TRUE,81,78.79,1,2026-04-10T04:18:30.190Z,The chefs are working together to bring the onions to two pots simultaneously.,"The chefs are working together well, and correctly doing the first step.",77
ZQkaFkASOJlvGfy7CfPH,LMHSLSW5zUxs6uqpFVfN,4,99,TRUE,99,132.6,1,2026-04-10T04:27:24.936Z,"The chefs are working together to take the onions to the pot to fill it, take the dishes while it's cooking and serve. It would only be more efficient if they filled both pots instead of one.",The chefs are working together well and doing it in the correct order.,0
ZZNWil7VYRNlrbaJa8QA,cUy1nocjyCqTmGv6va3T,4,82,TRUE,84,45.76,1,2026-04-21T05:51:52.032Z,both chefs worked on their work areas without collaborating,,80
aJZat7GYoFspLddCMNez,acucJI7Yq88U2s0zCBPc,3,85,TRUE,87,153.13,1,2026-04-10T04:16:04.687Z,There is a communication gap for that one chef had to wait for another.,The reason for this when I am viewing the game the blue chef had to wait for green chef and too took time to serve dishes.,83
bYzNKdRxBvaN0P3NqMiG,0ZsXNW2XqQ8KSbJoDwNn,2,42,TRUE,44,33.44,1,2026-04-21T05:53:09.445Z,There was a drop of onion,Everywhere is supposed to be clean,40
bflOm8z2mv75RikDpMEe,dFbuaYe2VePvmvDlR6oH,2,61,TRUE,33,36.22,1,2026-04-21T06:20:31.784Z,"Chef in the green hat, let the onions that were cooked on his stove for far too long.",Lack of awareness of cooked onions.,21
cUDZYmA5WmILtIamBk1q,P9kmLXAZSCxFiiBLYNA0,2,66,TRUE,68,41.09,1,2026-04-21T05:56:22.999Z,Dropping the onions where they are not supposed to,Distort order,64
d2N4AIkbUpFYB59YCleV,GJ5Lxr75tHf7j3VRVZP8,2,85,TRUE,87,47.12,5,2026-04-21T05:58:39.436Z,Here chefs were not in the correct open spot to transfer the soup.,Negative-chefs were not in the correct open place to transfer the soup.,83
d2N4AIkbUpFYB59YCleV,QyAYZ5HBJVdc28uVg5Gx,5,98,TRUE,99,32.76,4,2026-04-21T05:58:39.318Z,Correctly served 2 soups chef in green hat. ,Good-served 2 soups correctly. ,96
d2N4AIkbUpFYB59YCleV,SrTkdkK3ZRq4FuJ6FkXd,5,54,TRUE,56,33.59,3,2026-04-21T05:58:39.189Z,Chef in green hat correctly served one soup. ,"Chef in green hat correctly served one soup,",52
d2N4AIkbUpFYB59YCleV,ehGXtEbdN1TATRGhPtCu,5,26,TRUE,28,48.55,1,2026-04-21T05:58:38.805Z,Chef in blue hat correctly put 3 onions in pot for the soup. ,Chef in blue hat correctly placed 3 onions in the pot. ,24
d2N4AIkbUpFYB59YCleV,nAsfqZwwP4NN0yyWiXwp,5,49,TRUE,51,47.05,2,2026-04-21T05:58:38.947Z,Chef blue hat handed off soup to chef in green hat. ,Good placement of soup from chef in blue hat to chef in green hat. ,47
fyyUPhbjsyfv2cvlkqdD,2nqVGT8eY9GmeazK7asW,4,58,TRUE,60,71.88,1,2026-04-21T06:02:12.669Z,"one of the chef pick up the onion, the other was in the the serving area also picking up the dish to serve the food",the chefs was actully doing the exact,56
gGJpkxDhH9nxvemxt9DR,M1bH0zxlXo3PCf4j1xy4,1,89,FALSE,,19.34,3,2026-04-10T04:16:26.704Z,Never make use of both stoves,Failure to use all equipment available,
gGJpkxDhH9nxvemxt9DR,cB307yBPDPJKSihEkwLz,1,23,TRUE,48,54.16,2,2026-04-10T04:16:26.556Z,"Green hat chef is not completing any tasks, aimlessly wandering",massive inefficiency,21
gGJpkxDhH9nxvemxt9DR,hKNscPIKLl8FlzeiT8q7,1,13,TRUE,23,33.44,1,2026-04-10T04:16:26.342Z,Needless movement around when it could have continued passing for efficiency,Needless inefficiency with no gain,11
jZJboQgu2XbKHXGOmlsl,QBHuzPaIXvIym3SAV5WG,1,59,TRUE,24,88.44,1,2026-04-21T06:40:19.344Z,They don't seem very coordinated and got in each other way.,They could work more efficiently.,5
mS6A0EogWS8QV4Lst5Wi,fQz9g9Zx5BcGYv4Ue5NH,5,99,TRUE,99,37.07,1,2026-04-10T04:20:49.533Z,I have positive feedback for this.,Because they worked together make served 2,97
nAGR7yEKJB6MjK8rquI5,fOUnhTjfY0Yfingl4ahu,4,41,TRUE,43,85.44,1,2026-04-21T06:00:36.152Z,"2 chefs was there,one picked up the onion, another add onion to the soup and pick up the dish i the serving area",the chefs was actually doing the exact,39
nXQZY1EshGkGy08R0PSD,LFDr3Achtt5hVbQKqqW9,5,97,TRUE,99,38.95,4,2026-04-21T06:04:24.728Z,positive-served 4 at the right spot to serve ,Positive-served 4 in the right serving area. ,95
nXQZY1EshGkGy08R0PSD,MduLyL6q6SHmDjqsYRjg,4,52,TRUE,54,127.12,1,2026-04-21T06:04:24.313Z,All three worked together 3 onions now in soup pot. ,positive-worked together all three onions in soup pot. Served one and 2 very very fast. ,50
nXQZY1EshGkGy08R0PSD,k4Q1DSI5HWRyKpIdZaPd,2,80,TRUE,82,48.3,3,2026-04-21T06:04:24.595Z,says served 3 but did not see chef at serving area when 3 came up.,did not see chef at serving spot for serve three. ,78
nXQZY1EshGkGy08R0PSD,tyEpFql7jaSBaxdKFfex,5,73,TRUE,75,36.05,2,2026-04-21T06:04:24.463Z,more onions in soup pot correctly ,positive-more onions in soup pot correct amount. ,71
o062qMwvYThRoabVRZL9,jqGiKYp6gtojtbqHe83R,2,39,TRUE,99,103.12,1,2026-04-21T05:46:32.714Z,The chef with the blue hat does not give Green hat an empty plate to use,The AI either is incapable of placing an empty plate on the counter or wasn't instructed that they could,37
odIph5CV3EgJ1baGCz0r,3PDEdtZjIsuMZMRgNsjb,2,42,TRUE,85,390.15,1,2026-04-21T06:41:24.728Z,The chef in the blue hat is confusing the chef in green and forcing them to travel unnecessarily by serving them the onions in two different locations along the kitchen countertop. ,"It would have been better if the chef with the blue hat had continued to serve the onions to the chef in the green hat in a single, reliable spot (i.e. at the original location which was fine). The abrupt switch and subsequent choice to place the onions at two different locations on the kitchen countertop is a time wasting, inefficient move which I would not personally have chosen. ",42
oxYjqKPIsZksYEiw6fDC,qfYx6meJanccY0kbbtAb,4,0,TRUE,99,67.25,1,2026-04-21T05:48:47.374Z,"With the addition of the third chef, they become more efficient",Another Chef,0
oyI9kfOLiuR9e3PhouvA,lYzY8ulbJuAzHtbtwOnj,5,6,TRUE,8,70.72,1,2026-04-21T06:03:41.745Z,"3 chefs was actually present, ecah picking uop the onion they needed andf also putting it the soup, picking up a dish and serving the food ",the 3 chefs was actually doing the exact ,4
rtwEYza48ONVlODH2MKw,epm3UTvFl0ZLUradR8JD,3,84,TRUE,86,51.57,1,2026-04-21T05:46:55.879Z, The blue hate chef did not grab a plate for the other chef,It would be a good idea for the AI to give the other one plates because it cannot reach it ,82
wMxAbrLNVVD2WEemNE6C,f5F48sHqu5N9kPFQdStz,2,45,TRUE,47,31.96,1,2026-04-21T06:18:30.397Z,They were all over the place and didn't stay on their side of the middle table.,Not efficient.,30
whUupV4BN1cf92mG8fg4,HjCBIM6Go75PxWxnjbQ5,5,56,TRUE,58,35.39,3,2026-04-21T06:08:02.589Z,correct amount of onions in the pot ,positive-correct amount of 3 onions in the pot of soup.,54
whUupV4BN1cf92mG8fg4,R7CfNNn1VZUynhwIz1qm,5,18,TRUE,20,32.33,1,2026-04-21T06:08:02.328Z,worked very fast to get first 3 onions in pot ,positive-got first three onions in pot correctly. ,16
whUupV4BN1cf92mG8fg4,YL5QvuLIuTWtiwlbG9KL,5,73,TRUE,75,31.75,4,2026-04-21T06:08:02.776Z,chef in orange correctly served 2 correct serving location,chef in orange correctly served 2 correct serving location-positive,71
whUupV4BN1cf92mG8fg4,hNDZRk6RKwSqSp4BdV7c,5,44,TRUE,46,41.65,2,2026-04-21T06:08:02.437Z,Chef in blue served fast one in correct serving area. ,positive-chef in blue hat correctly served one soup in correct serving area. ,42
zlB8aDTCTM37C9b2WH5q,4J6dl2KJLKrPLVOCJOvS,5,70,TRUE,72,45.05,2,2026-04-21T05:53:21.150Z,Chef in green hat correctly served one.,Chef in green hat correctly served one soup.,68
zlB8aDTCTM37C9b2WH5q,KPzCgojKz6CJm17j3jR0,5,40,TRUE,42,41.02,1,2026-04-21T05:53:21.008Z,Correct amount of 3 onions to the pot.,Corect amount of 3 onions to the pot. ,38