id,playbackSpeedChanges,tutorialEndedAt,createdAt,isFinalEpisodeSave,episodeCount,mainTotalDurationSec,mainDurationSecAtSave,timeSpentOnPageSec,fileName,mainStartedAt,tutorialDurationSec,videoPauseCount,prolificId,tutorialStartedAt,mainEndedAt,experimentSessionId,feedback_details_json
"1pr6CgiUm0ZWW6QJQrkZ","[]","2026-04-21T05:40:00.546Z","2026-04-21T05:46:11.856Z",false,2,,371.31,154,"small_corridor_5_7520000.json","2026-04-21T05:40:00.546Z",144,4,"69c57c992edd649f653d0cc6","2026-04-21T05:37:36.548Z",,"5cabd15e-f41d-4d1e-a284-f9aa7632be25","[{""sentiment"":1,""baseFrame"":68,""DidSpecifyRange"":true,""endFrame"":71,""timeSpentWritingFeedBackSec"":67.22,""index"":2,""createdAt"":""2026-04-21T05:46:12.453Z"",""feedback"":""Unsure what chef in the blue hat is doing here. He seems to be pacing around while chef in the green hat is moving all about."",""reason"":""Questioning what blue chef's role is here."",""startFrame"":50},{""sentiment"":2,""endFrame"":34,""DidSpecifyRange"":true,""baseFrame"":32,""index"":1,""timeSpentWritingFeedBackSec"":43.03,""reason"":""There is a better way to complete this task."",""feedback"":""Taking the onions to the pot one at a time seems very inefficient. "",""startFrame"":14,""createdAt"":""2026-04-21T05:46:12.298Z""}]"
"2AbcIJ7jnfI8gxAwb7C9","[]","2026-04-21T05:49:36.876Z","2026-04-21T05:51:37.015Z",false,1,,120.14,128,"random3_5_7520000.json","2026-04-21T05:49:36.876Z",310.69,1,"67e1da8a432675c0e850e8d1","2026-04-21T05:44:26.183Z",,"9e7935fd-9878-4139-b583-476f7029dbe4","[{""sentiment"":5,""baseFrame"":67,""DidSpecifyRange"":true,""endFrame"":69,""timeSpentWritingFeedBackSec"":56.32,""index"":1,""createdAt"":""2026-04-21T05:51:38.284Z"",""startFrame"":65,""reason"":""For update"",""feedback"":""It is going really well""}]"
"3qWZ8Uw942SZzXEOQnY8","[]","2026-04-21T05:40:00.546Z","2026-04-21T05:49:21.674Z",false,3,,561.13,189,"random0_medium_5_7520000.json","2026-04-21T05:40:00.546Z",144,2,"69c57c992edd649f653d0cc6","2026-04-21T05:37:36.548Z",,"5cabd15e-f41d-4d1e-a284-f9aa7632be25","[{""feedback"":""Both are working together and efficiently, getting more done while both are simultaneously doing the same task for a greater output "",""reason"":""Seeing the increased efficiency in their tasking and output"",""startFrame"":5,""createdAt"":""2026-04-21T05:49:22.176Z"",""timeSpentWritingFeedBackSec"":62.43,""index"":1,""endFrame"":29,""baseFrame"":27,""DidSpecifyRange"":true,""sentiment"":5},{""sentiment"":1,""baseFrame"":73,""DidSpecifyRange"":true,""endFrame"":75,""timeSpentWritingFeedBackSec"":77.06,""index"":2,""createdAt"":""2026-04-21T05:49:22.331Z"",""startFrame"":54,""reason"":""Blue chef seems to now be working harder than green chef"",""feedback"":""Green chef is pacing seemingly without purpose here while blue chef continues to work. It makes green chef look lazy or tired""}]"
"46bH62owYmzHlQFcxs87","[]","2026-04-21T05:31:40.200Z","2026-04-21T05:52:39.845Z",true,5,1259.64,1259.64,232,"multiplayer_schelling_5_7520000.json","2026-04-21T05:31:40.200Z",123.28,2,"69e2ed0fa8552ceab65b6a83","2026-04-21T05:29:36.918Z","2026-04-21T05:52:39.844Z","d765d347-866f-4e0e-9b3b-a23077f23d8a","[{""reason"":""The AI gets confused trying to have all the chef put there onions at the same pot. Because of this they get stuck on one another. Wasting time."",""feedback"":""The Chef get stuck"",""startFrame"":7,""createdAt"":""2026-04-21T05:52:40.486Z"",""index"":1,""timeSpentWritingFeedBackSec"":95.83,""endFrame"":13,""baseFrame"":9,""DidSpecifyRange"":true,""sentiment"":1},{""startFrame"":0,""feedback"":""The AI mainly focuses on one pot"",""reason"":""I assume it happens because the AI momentarily forgets that the upper pot exists and tells all the chefs to do everything with the bottom pot."",""createdAt"":""2026-04-21T05:52:40.616Z"",""timeSpentWritingFeedBackSec"":85.85,""index"":2,""endFrame"":99,""baseFrame"":0,""DidSpecifyRange"":true,""sentiment"":1}]"
"6ytXWoKjf0fIx2En0Smn","[]","2026-04-21T05:41:38.950Z","2026-04-21T05:50:30.252Z",false,2,,531.3,352,"small_corridor_5_7520000.json","2026-04-21T05:41:38.950Z",465,0,"66e9a45427bb5c6168d41030","2026-04-21T05:33:53.952Z",,"ea7bbdac-d663-44a3-a645-682fa8b4d4f1","[]"
"6zcw4QOofOIcmDB8HKpJ","[]","2026-04-21T06:17:42.115Z","2026-04-21T06:33:08.432Z",true,5,926.32,926.32,614,"multiplayer_schelling_5_7520000.json","2026-04-21T06:17:42.115Z",115.01,9,"64a9858be9b52e570ffb3c1e","2026-04-21T06:15:47.103Z","2026-04-21T06:33:08.432Z","8490d32f-dd25-4b53-be7c-6dde7e8b9763","[{""reason"":""Inefficient decision making and movement."",""feedback"":""They are all, focusing on the bottom stove again, and the top stove is not being used properly."",""startFrame"":42,""createdAt"":""2026-04-21T06:33:09.246Z"",""index"":2,""timeSpentWritingFeedBackSec"":101.3,""endFrame"":48,""baseFrame"":17,""DidSpecifyRange"":true,""sentiment"":2},{""sentiment"":4,""endFrame"":92,""baseFrame"":45,""DidSpecifyRange"":true,""timeSpentWritingFeedBackSec"":40.32,""index"":3,""startFrame"":85,""feedback"":""Finally using the other stove, but a little too late."",""reason"":""Made some good decisions, but it was far too late."",""createdAt"":""2026-04-21T06:33:09.421Z""},{""endFrame"":17,""DidSpecifyRange"":true,""baseFrame"":10,""sentiment"":2,""startFrame"":7,""feedback"":""They all went to the same stove, which caused a delay."",""reason"":""Inefficient decision making."",""createdAt"":""2026-04-21T06:33:09.046Z"",""timeSpentWritingFeedBackSec"":24.01,""index"":1}]"
"70BAc5eVY7Ib6Srkiqp6","[]","2026-04-21T05:47:52.131Z","2026-04-21T05:51:01.956Z",false,1,,189.82,192,"random3_5_7520000.json","2026-04-21T05:47:52.131Z",241.4,6,"698ea1be50ea8dbf93448cff","2026-04-21T05:43:50.729Z",,"bc18b8ba-70b6-4457-b050-d22dc1b24b45","[{""baseFrame"":48,""DidSpecifyRange"":true,""endFrame"":50,""sentiment"":5,""createdAt"":""2026-04-21T05:51:02.576Z"",""reason"":""Served 1 correctly"",""feedback"":""Served 1"",""startFrame"":46,""timeSpentWritingFeedBackSec"":19.44,""index"":2},{""startFrame"":48,""feedback"":""Correct onions to the pot x3"",""reason"":""Correct amount of onions to the pot."",""createdAt"":""2026-04-21T05:51:02.435Z"",""timeSpentWritingFeedBackSec"":87.72,""index"":1,""endFrame"":48,""DidSpecifyRange"":true,""baseFrame"":24,""sentiment"":5}]"
"7Uhf4VR5FQA2adMbnjPj","[]","2026-04-21T06:17:42.115Z","2026-04-21T06:19:34.425Z",false,2,,112.31,64,"small_corridor_5_7520000.json","2026-04-21T06:17:42.115Z",115.01,2,"64a9858be9b52e570ffb3c1e","2026-04-21T06:15:47.103Z",,"8490d32f-dd25-4b53-be7c-6dde7e8b9763","[{""baseFrame"":22,""DidSpecifyRange"":false,""endFrame"":null,""sentiment"":5,""createdAt"":""2026-04-21T06:19:34.876Z"",""reason"":""They were extremely efficient."",""feedback"":""They worked really well, and had the correct way of doing things."",""startFrame"":null,""timeSpentWritingFeedBackSec"":54.08,""index"":1}]"
"7oPiWBl9qEFmnRcZ4LPK","[{""frame"":46,""timestampSec"":116,""speed"":0.5}]","","2026-04-10T04:12:54.100Z","",1,"","",321,"multiplayer_schelling_3_5_7520000.json","","",5,"5d9b7c7efaa2860364b16476","","","","[{""endFrame"":93,""DidSpecifyRange"":true,""baseFrame"":99,""sentiment"":4,""startFrame"":5,""feedback"":""the feed back I would like to do that they are doing great work.  they served 3 and their working process is fast."",""reason"":""The reason for this feedback is they are good at working so I feedback them"",""createdAt"":""2026-04-10T04:12:54.955Z"",""timeSpentWritingFeedBackSec"":264.86,""index"":1}]"
"8JDPY3H7EcIV4UrYpaUG","[]","2026-04-21T06:20:26.197Z","2026-04-21T07:05:28.203Z",false,4,,2702.01,512,"multiplayer_schelling_3_5_7520000.json","2026-04-21T06:20:26.197Z",267.26,4,"69bda4649ced6db17f093427","2026-04-21T06:15:58.935Z",,"3eee937e-bc81-4a84-b55b-6e1e87a32516","[{""baseFrame"":99,""DidSpecifyRange"":true,""endFrame"":94,""sentiment"":5,""createdAt"":""2026-04-21T07:05:28.680Z"",""startFrame"":7,""feedback"":""All three chefs are functioning efficiently as a unit, with minimal unnecessary actions, movements or delay. I would rate this as a highly positive segment. Overall, the service is excellent. "",""reason"":""The three chefs are operating as quick, efficient team by filling the pots in quick succession, cooking and serving the customers with minimal delay. To me this appears like a highly functional kitchen. "",""timeSpentWritingFeedBackSec"":469.63,""index"":1}]"
"9O6vf4ec1oSSJKzNMP74","[]","2026-04-21T05:44:17.448Z","2026-04-21T05:44:54.060Z",false,1,,36.61,38,"random3_5_7520000.json","2026-04-21T05:44:17.448Z",103.66,0,"662fa9da0240c2626fc31d58","2026-04-21T05:42:33.786Z",,"16fd5d6c-371c-4520-ae0d-f9d1f93c2f99","[{""startFrame"":84,""feedback"":"""",""reason"":"""",""createdAt"":""2026-04-21T05:44:54.325Z"",""timeSpentWritingFeedBackSec"":0,""index"":1,""endFrame"":88,""baseFrame"":86,""DidSpecifyRange"":true,""sentiment"":3}]"
"AcX8a7FMS4ZEIx2r2v8Y","[]","","2026-04-10T04:24:28.214Z","",2,"","",358,"small_corridor_5_7520000.json","","",5,"69bf9e3da3ff156e34a65991","","","","[{""sentiment"":2,""endFrame"":31,""baseFrame"":29,""DidSpecifyRange"":true,""timeSpentWritingFeedBackSec"":160.6,""index"":1,""startFrame"":27,""feedback"":""One chef is passing the onion to the other chef to take to the pot. They are working together, but it isn't very efficient."",""reason"":""If they both took the onions to the pot it would be faster."",""createdAt"":""2026-04-10T04:24:28.852Z""},{""endFrame"":99,""baseFrame"":92,""DidSpecifyRange"":true,""sentiment"":1,""startFrame"":90,""reason"":""Again, it's not very efficient. If both chefs were working together, such as one taking the dishes to the pot and the other serving, it would be a faster process."",""feedback"":""The same chef that took the onions to the pot starts taking the dishes to the pot and then serves while the other chef just moves onions around."",""createdAt"":""2026-04-10T04:24:29.000Z"",""timeSpentWritingFeedBackSec"":164.08,""index"":2}]"
"B6PyA8OqlWCHkvgaGd2X","[]","2026-04-21T06:20:26.197Z","2026-04-21T07:20:18.115Z",true,5,3591.92,3591.92,889,"multiplayer_schelling_5_7520000.json","2026-04-21T06:20:26.197Z",267.26,19,"69bda4649ced6db17f093427","2026-04-21T06:15:58.935Z","2026-04-21T07:20:18.114Z","3eee937e-bc81-4a84-b55b-6e1e87a32516","[{""endFrame"":20,""baseFrame"":77,""DidSpecifyRange"":true,""sentiment"":2,""startFrame"":7,""reason"":""I noticed that when the four chefs, onions in hand, are all crowded together in a single spot (i.e. close to the pot), they appeared lost and confused. Mostly, they are standing around idly without getting anything done for several seconds at a time. There was a delay in terms of filling the pot and one chef even backtracked all the way up the screen towards the other pot. This kitchen is chaotic and too crowded and not well organized leading me to give it a lower score overall. "",""feedback"":""The movement of the four chefs could be significantly improved here. I would give a negative rating here because of the time wasting, and inefficient movement and service in the kitchen. "",""createdAt"":""2026-04-21T07:20:19.308Z"",""timeSpentWritingFeedBackSec"":768.64,""index"":1}]"
"D4gGmV82X8B7xRgWzHxv","[]",,"2026-04-21T05:22:06.567Z",true,5,,,1,"multiplayer_schelling_5_7520000.json",,,0,"ㅁㄴㅇ","2026-04-21T05:21:42.686Z","2026-04-21T05:22:06.566Z","cd4ed84b-5b55-4fc0-81dc-7873b99e4721","[]"
"Dha7EYDRNslxvwlRkU4m","[]","2026-04-21T06:20:26.197Z","2026-04-21T06:56:55.796Z",false,3,,2189.6,931,"random0_medium_5_7520000.json","2026-04-21T06:20:26.197Z",267.26,10,"69bda4649ced6db17f093427","2026-04-21T06:15:58.935Z",,"3eee937e-bc81-4a84-b55b-6e1e87a32516","[{""createdAt"":""2026-04-21T06:56:56.319Z"",""startFrame"":38,""feedback"":""The green-hatted chef appears confused in this section and fails to realize that their is a plate ready to serve in the top-right area of the kitchen. I would rate this as poor overall performance. "",""reason"":""The green-hatted chef appeared idle and confused for a time in this section of the episode and failed completely to meet their objective in serving the plate that was ready to serve in the top-right, choosing instead to wait on the blue-hatted chef to finish with their cooking in order to serve that plate to the customers instead. If the green-hatted chef had acted properly, both serves could have served at least one more customer in the allotted timeframe. "",""timeSpentWritingFeedBackSec"":580.68,""index"":2,""baseFrame"":76,""DidSpecifyRange"":true,""endFrame"":99,""sentiment"":1},{""DidSpecifyRange"":true,""baseFrame"":0,""endFrame"":25,""sentiment"":5,""createdAt"":""2026-04-21T06:56:56.190Z"",""startFrame"":0,""feedback"":""Both chefs are working well, in tandem, filling their respective pots with onions with minimal delay. This is good, solid teamwork. "",""reason"":""I noticed that both chefs are working together far more efficiently this episode, without wasting time which I believe is also due in part to the improved kitchen layout.  "",""timeSpentWritingFeedBackSec"":204.56,""index"":1}]"
"DhkwqJJFz1thX7JVAk0o","[]","2026-04-21T06:20:26.197Z","2026-04-21T06:33:17.837Z",false,1,,771.64,777,"random3_5_7520000.json","2026-04-21T06:20:26.197Z",267.26,16,"69bda4649ced6db17f093427","2026-04-21T06:15:58.935Z",,"3eee937e-bc81-4a84-b55b-6e1e87a32516","[{""createdAt"":""2026-04-21T06:33:18.845Z"",""reason"":"""",""feedback"":"""",""startFrame"":20,""index"":2,""timeSpentWritingFeedBackSec"":0,""DidSpecifyRange"":true,""baseFrame"":22,""endFrame"":24,""sentiment"":3},{""baseFrame"":16,""DidSpecifyRange"":true,""endFrame"":22,""sentiment"":2,""createdAt"":""2026-04-21T06:33:18.703Z"",""startFrame"":13,""feedback"":""The chef with the blue hat had previously efficiently chosen to pass the onions to the chef with green hat so that they could be added to the pot with minimal delay; however, this time blue-hatted chef chose to travel around the entire kitchen area to add it himself which was a time wasting, inefficient move. "",""reason"":""My judgment is based on the movements and actions of the blue-hatted chef and how this action appeared to me as slow and inefficient. It would have been better if the chef with the blue hat had passed all of the onions to the chef with the green hat, who was standing closest to the pot. I'm thinking it terms of how the actions of the characters could be both seamless and expeditious. "",""timeSpentWritingFeedBackSec"":564.06,""index"":1}]"
"EIXjMvazDuUycfDyDf1D","[]","2026-04-21T06:37:52.882Z","2026-04-21T06:46:20.021Z",false,3,,507.14,148,"random0_medium_5_7520000.json","2026-04-21T06:37:52.882Z",143.82,0,"5dd005a9eb39730fc834988f","2026-04-21T06:35:29.057Z",,"33eda4a4-ae8b-477b-a98a-618bd7c15164","[{""baseFrame"":0,""DidSpecifyRange"":true,""endFrame"":99,""sentiment"":1,""createdAt"":""2026-04-21T06:46:21.284Z"",""reason"":""Bad strategy."",""feedback"":""Blue hat never hands green hat an empty plate."",""startFrame"":0,""timeSpentWritingFeedBackSec"":71.93,""index"":1}]"
"EvbuG21FuIqAc57gKOvD","[]","2026-04-21T06:37:52.882Z","2026-04-21T06:43:50.740Z",false,2,,357.86,211,"small_corridor_5_7520000.json","2026-04-21T06:37:52.882Z",143.82,6,"5dd005a9eb39730fc834988f","2026-04-21T06:35:29.057Z",,"33eda4a4-ae8b-477b-a98a-618bd7c15164","[{""timeSpentWritingFeedBackSec"":63.42,""index"":1,""createdAt"":""2026-04-21T06:43:51.916Z"",""startFrame"":0,""reason"":""It seems like they are implementing a successful strategy."",""feedback"":""They are working well as a team and saving time."",""sentiment"":5,""baseFrame"":32,""DidSpecifyRange"":true,""endFrame"":26},{""index"":2,""timeSpentWritingFeedBackSec"":52.7,""createdAt"":""2026-04-21T06:43:52.087Z"",""reason"":""Strange behavior."",""feedback"":""Why did blue hat chef put an onion there?"",""startFrame"":36,""sentiment"":2,""baseFrame"":42,""DidSpecifyRange"":true,""endFrame"":41}]"
"FNSHxcfTRuGRDy2itdlH","[]",,"2026-04-21T05:26:37.258Z",false,1,,,3,"random3_5_7520000.json",,,0,"asd","2026-04-21T05:26:12.813Z",,"8cf55721-0c81-4984-a5bf-a09598daf262","[]"
"FPFFXUwtPwCHVqlAowgZ","[]","2026-04-21T05:41:38.950Z","2026-04-21T05:56:09.037Z",true,5,870.09,870.09,89,"multiplayer_schelling_5_7520000.json","2026-04-21T05:41:38.950Z",465,0,"66e9a45427bb5c6168d41030","2026-04-21T05:33:53.952Z","2026-04-21T05:56:09.037Z","ea7bbdac-d663-44a3-a645-682fa8b4d4f1","[{""DidSpecifyRange"":true,""baseFrame"":99,""endFrame"":99,""sentiment"":5,""createdAt"":""2026-04-21T05:56:10.278Z"",""reason"":""to point out the chefs effective collaboration"",""feedback"":""the number of chefs increase to 4"",""startFrame"":97,""index"":1,""timeSpentWritingFeedBackSec"":47.7}]"
"G4N8c0NG6V5M7DlgVeB4","[]","2026-04-10T09:35:44.845Z","2026-04-10T09:35:52.181Z",false,3,,7.34,1,"small_corridor_5_7520000.json","2026-04-10T09:35:44.845Z",26.95,0,"hi","2026-04-10T09:35:17.892Z",,"e9a95e9a-9d95-4a27-96bd-d9a5b34f1dee","[]"
"GKRYkhvEGQv5ULe17PI2","[]",,"2026-04-21T04:31:03.011Z",false,1,,,3,"small_corridor_5_7520000.json",,,0,"ㅁㄴㅇ","2026-04-21T04:20:52.981Z",,"954ea16e-dee6-4bc1-9cd0-06083f12630b","[]"
"Gc3DYtmAzhlBegO7jhBy","[]","2026-04-21T05:41:38.950Z","2026-04-21T05:54:37.326Z",false,4,,778.38,165,"multiplayer_schelling_3_5_7520000.json","2026-04-21T05:41:38.950Z",465,0,"66e9a45427bb5c6168d41030","2026-04-21T05:33:53.952Z",,"ea7bbdac-d663-44a3-a645-682fa8b4d4f1","[{""sentiment"":4,""DidSpecifyRange"":true,""baseFrame"":43,""endFrame"":45,""timeSpentWritingFeedBackSec"":49.22,""index"":1,""createdAt"":""2026-04-21T05:54:39.812Z"",""startFrame"":41,""feedback"":""there were 3 chefs in the place for two but collaborated effectively"",""reason"":""the number of chefs had increased""}]"
"Gem1oTyvw9L7ObalfUKp","[]","2026-04-21T05:49:36.876Z","2026-04-21T05:54:11.322Z",false,3,,274.44,61,"random0_medium_5_7520000.json","2026-04-21T05:49:36.876Z",310.69,0,"67e1da8a432675c0e850e8d1","2026-04-21T05:44:26.183Z",,"9e7935fd-9878-4139-b583-476f7029dbe4","[]"
"HfBZTRYk3QJ5Hy6Vi3Hw","[]","","2026-04-10T04:14:15.660Z","",4,"","",111,"multiplayer_schelling_5_7520000.json","","",4,"66708c3d9418ec5491c5483e","","","","[{""sentiment"":3,""baseFrame"":17,""DidSpecifyRange"":true,""endFrame"":19,""timeSpentWritingFeedBackSec"":0,""index"":2,""createdAt"":""2026-04-10T04:14:16.384Z"",""feedback"":"""",""reason"":"""",""startFrame"":15},{""startFrame"":37,""reason"":""efficient and productive"",""feedback"":""good transition and efficient movement"",""createdAt"":""2026-04-10T04:14:16.519Z"",""timeSpentWritingFeedBackSec"":31.81,""index"":3,""endFrame"":52,""baseFrame"":39,""DidSpecifyRange"":true,""sentiment"":5},{""reason"":""inefficient"",""feedback"":""Logjam at one stove with the other empty and all chefs fighting for space"",""startFrame"":11,""createdAt"":""2026-04-10T04:14:16.259Z"",""timeSpentWritingFeedBackSec"":29.77,""index"":1,""endFrame"":17,""baseFrame"":13,""DidSpecifyRange"":true,""sentiment"":1}]"
"IQDybpz6aCdNLpPFqQbR","[]",,"2026-04-21T05:26:39.473Z",false,2,,,1,"small_corridor_5_7520000.json",,,0,"asd","2026-04-21T05:26:12.813Z",,"8cf55721-0c81-4984-a5bf-a09598daf262","[]"
"IZzJCoMoSSJocjGYUSL3","[]","2026-04-21T05:40:00.546Z","2026-04-21T05:43:37.454Z",false,1,,216.91,223,"random3_5_7520000.json","2026-04-21T05:40:00.546Z",144,3,"69c57c992edd649f653d0cc6","2026-04-21T05:37:36.548Z",,"5cabd15e-f41d-4d1e-a284-f9aa7632be25","[{""endFrame"":36,""baseFrame"":34,""DidSpecifyRange"":true,""sentiment"":5,""startFrame"":7,""reason"":""How they are interacting with each other (e.g. tossing onions to be cooked in pot) and getting right into the task."",""feedback"":""Chefs are working very collaboratively, each taking on different tasks."",""createdAt"":""2026-04-21T05:43:37.954Z"",""timeSpentWritingFeedBackSec"":108.02,""index"":1},{""sentiment"":5,""baseFrame"":77,""DidSpecifyRange"":true,""endFrame"":86,""index"":2,""timeSpentWritingFeedBackSec"":67.48,""createdAt"":""2026-04-21T05:43:38.077Z"",""reason"":""They seem to have a good flow and are task sharing, responding to what is needed in the moment. "",""feedback"":""They are both taking turns doing the same job, as to pick up from the other "",""startFrame"":59}]"
"J0IGiUBDiFf66scB7waD","[]","","2026-04-10T04:08:19.624Z","",1,"","",239,"small_corridor_5_7520000.json","","",9,"66708c3d9418ec5491c5483e","","","","[{""sentiment"":2,""baseFrame"":0,""DidSpecifyRange"":true,""endFrame"":1,""index"":1,""timeSpentWritingFeedBackSec"":59.81,""createdAt"":""2026-04-10T04:08:20.483Z"",""reason"":""It is an unnecessary movement"",""feedback"":""AI chef travels 1 square in the wrong direction to start"",""startFrame"":0},{""DidSpecifyRange"":true,""baseFrame"":1,""endFrame"":79,""sentiment"":1,""createdAt"":""2026-04-10T04:08:20.632Z"",""reason"":""massively unproductive"",""feedback"":""This is a huge dead time zone, where one chef is not preparing or contributing while the other does all the work"",""startFrame"":39,""index"":2,""timeSpentWritingFeedBackSec"":153.42}]"
"J4gessDYclxB5o3VEPN8","[]","","2026-04-10T04:41:14.533Z","",5,"","",375,"multiplayer_schelling_5_7520000.json","","",2,"69bf9e3da3ff156e34a65991","","","","[{""sentiment"":2,""endFrame"":99,""baseFrame"":99,""DidSpecifyRange"":true,""index"":2,""timeSpentWritingFeedBackSec"":176.39,""reason"":""Assigning tasks better would have made things more efficient. Also assigning stations and sides of the kitchen to work on would have eliminated all four chefs being in one area unsure of which way to go."",""feedback"":""The chefs also seem to be somewhat disorganised with taking the dishes to the pots and serving. It appears to be the blue and orange chef doing it, but at time they don't seem to know where thy are supposed to go."",""startFrame"":97,""createdAt"":""2026-04-10T04:41:15.240Z""},{""endFrame"":54,""baseFrame"":52,""DidSpecifyRange"":true,""sentiment"":2,""startFrame"":0,""feedback"":""The chefs appear to be trying to take onions to both pots, but are highly disorganised and don't seem to know where they are supposed to go."",""reason"":""If they had organised who was supposed to take onions to each pot, the process would be streamlined and faster."",""createdAt"":""2026-04-10T04:41:15.031Z"",""timeSpentWritingFeedBackSec"":105.43,""index"":1}]"
"JsifylO2jDRI6qRCNFyn","[]",,"2026-04-21T05:26:41.007Z",false,3,,,1,"random0_medium_5_7520000.json",,,0,"asd","2026-04-21T05:26:12.813Z",,"8cf55721-0c81-4984-a5bf-a09598daf262","[]"
"KYPIwjoO5gbo1N2HHHOx","[]","2026-04-21T05:57:14.798Z","2026-04-21T06:05:37.207Z",true,5,502.41,502.41,115,"multiplayer_schelling_5_7520000.json","2026-04-21T05:57:14.798Z",158.17,0,"67d411652ada0a7584b2558e","2026-04-21T05:54:36.628Z","2026-04-21T06:05:37.205Z","23c0ee42-36c1-475f-b1e3-7710135de599","[{""timeSpentWritingFeedBackSec"":108.11,""index"":1,""feedback"":""Eacj of the 4 chefs was pickinhg up oinion needed and also wakinh through the servimg area to pick up a dish and also added the onoin to the soup then moving to the serving area to serve the food "",""reason"":""The 4 chefs was actully doing the exact "",""startFrame"":1,""createdAt"":""2026-04-21T06:05:38.528Z"",""sentiment"":5,""endFrame"":5,""baseFrame"":3,""DidSpecifyRange"":true}]"
"KdtE3peMiad5CBHpVPmA","[]","2026-04-21T06:37:52.882Z","2026-04-21T06:47:26.930Z",false,4,,574.05,65,"multiplayer_schelling_3_5_7520000.json","2026-04-21T06:37:52.882Z",143.82,0,"5dd005a9eb39730fc834988f","2026-04-21T06:35:29.057Z",,"33eda4a4-ae8b-477b-a98a-618bd7c15164","[]"
"KnSGYVPZ9LSfg9NN76uv","[]","2026-04-21T05:31:40.200Z","2026-04-21T05:43:54.996Z",false,2,,734.79,188,"small_corridor_5_7520000.json","2026-04-21T05:31:40.200Z",123.28,0,"69e2ed0fa8552ceab65b6a83","2026-04-21T05:29:36.918Z",,"d765d347-866f-4e0e-9b3b-a23077f23d8a","[{""timeSpentWritingFeedBackSec"":138.11,""index"":1,""createdAt"":""2026-04-21T05:43:55.593Z"",""feedback"":""The AI places onions on two separate counters (Brown Squares)."",""reason"":""Efficiently, after the chef in the green hat serves the first soup, they can retrieve an onion sooner"",""startFrame"":39,""sentiment"":5,""baseFrame"":41,""DidSpecifyRange"":true,""endFrame"":85}]"
"KreQOpDLdu9dCVBAWB6J","[]","","2026-04-10T04:34:59.050Z","",4,"","",454,"random0_medium_5_7520000.json","","",11,"69bf9e3da3ff156e34a65991","","","","[{""timeSpentWritingFeedBackSec"":176.53,""index"":1,""reason"":""The are efficiently working together to make as much as possible in an efficient way."",""feedback"":""The chef are working together to fill both pots with onions."",""startFrame"":0,""createdAt"":""2026-04-10T04:34:59.656Z"",""sentiment"":5,""endFrame"":22,""baseFrame"":21,""DidSpecifyRange"":true},{""sentiment"":1,""baseFrame"":36,""DidSpecifyRange"":true,""endFrame"":99,""timeSpentWritingFeedBackSec"":223.65,""index"":2,""createdAt"":""2026-04-10T04:34:59.807Z"",""startFrame"":34,""reason"":""The blue chef is cause the kitchen to become inefficient. If they had of just moved dishes to where the green chef could reach them like the onions, the green chef would also be able to serve, meaning people could receive their food faster."",""feedback"":""The blue chef has all the dishes on their side of the kitchen. They take the plates near the green chef but don't hand them any. The blue chef takes the plates to their station and serves the dish and starts taking more onions to the pot while the green chef is never able to serve anything.""}]"
"KywrwcEAQMhLta8cEf67","[]","2026-04-21T07:21:13.400Z","2026-04-21T07:22:52.125Z",false,2,,98.72,78,"small_corridor_5_7520000.json","2026-04-21T07:21:13.400Z",163.47,1,"5c747244f33ac60001b7a9e2","2026-04-21T07:18:29.927Z",,"a1c7c4ed-0d72-424f-8d9b-471c71e938d3","[{""createdAt"":""2026-04-21T07:22:53.041Z"",""startFrame"":0,""reason"":""Because I can undaerstan what they are trying to acheive"",""feedback"":""I think that it is clear what the chefs are doing"",""timeSpentWritingFeedBackSec"":68.41,""index"":1,""baseFrame"":0,""DidSpecifyRange"":true,""endFrame"":74,""sentiment"":4}]"
"N98IkCc0H0JYLkP2rlUw","[]",,"2026-04-21T05:22:04.584Z",false,3,,,0,"small_corridor_5_7520000.json",,,0,"ㅁㄴㅇ","2026-04-21T05:21:42.686Z",,"cd4ed84b-5b55-4fc0-81dc-7873b99e4721","[]"
"Nse3ErHrKD1QPDNjoMzh","[]",,"2026-04-21T05:26:42.939Z",false,4,,,2,"multiplayer_schelling_3_5_7520000.json",,,0,"asd","2026-04-21T05:26:12.813Z",,"8cf55721-0c81-4984-a5bf-a09598daf262","[]"
"OOwIvxjb03RzJizNv7U5","[]","2026-04-21T06:37:52.882Z","2026-04-21T06:50:54.614Z",true,5,781.73,781.73,207,"multiplayer_schelling_5_7520000.json","2026-04-21T06:37:52.882Z",143.82,3,"5dd005a9eb39730fc834988f","2026-04-21T06:35:29.057Z","2026-04-21T06:50:54.612Z","33eda4a4-ae8b-477b-a98a-618bd7c15164","[{""startFrame"":41,""reason"":""not a very efficient strategy."",""feedback"":""Having to wait for each other."",""createdAt"":""2026-04-21T06:50:55.477Z"",""timeSpentWritingFeedBackSec"":36.89,""index"":2,""endFrame"":52,""baseFrame"":48,""DidSpecifyRange"":true,""sentiment"":1},{""createdAt"":""2026-04-21T06:50:55.183Z"",""startFrame"":5,""feedback"":""They are getting in each others way."",""reason"":""Bad strategy for serving the most dishes."",""timeSpentWritingFeedBackSec"":36.37,""index"":1,""baseFrame"":15,""DidSpecifyRange"":true,""endFrame"":18,""sentiment"":1}]"
"Ot1T7FzzdPLQUM5Wx6g8","[]","","2026-04-10T04:22:27.486Z","",5,"","",98,"random0_medium_5_7520000.json","","",0,"5d9b7c7efaa2860364b16476","","","","[{""sentiment"":1,""DidSpecifyRange"":true,""baseFrame"":99,""endFrame"":99,""index"":1,""timeSpentWritingFeedBackSec"":52.34,""createdAt"":""2026-04-10T04:22:27.878Z"",""reason"":""There is totally miscommunication between two chefs so they not did good work."",""feedback"":""The feedback is negative here."",""startFrame"":97}]"
"P2TDh5tQ9WYv4D4wih8X","[]","2026-04-21T06:17:42.115Z","2026-04-21T06:22:53.017Z",false,4,,310.9,141,"multiplayer_schelling_3_5_7520000.json","2026-04-21T06:17:42.115Z",115.01,7,"64a9858be9b52e570ffb3c1e","2026-04-21T06:15:47.103Z",,"8490d32f-dd25-4b53-be7c-6dde7e8b9763","[{""sentiment"":5,""baseFrame"":63,""DidSpecifyRange"":true,""endFrame"":90,""index"":2,""timeSpentWritingFeedBackSec"":51.08,""createdAt"":""2026-04-21T06:22:54.307Z"",""reason"":""Really well done with their movements and actions."",""feedback"":""Really good flow state where all 3 chefs are working in unison. Real good work."",""startFrame"":57},{""sentiment"":2,""baseFrame"":42,""DidSpecifyRange"":true,""endFrame"":63,""index"":1,""timeSpentWritingFeedBackSec"":59.5,""createdAt"":""2026-04-21T06:22:54.052Z"",""reason"":""Wasn't efficient time spent by green hat."",""feedback"":""Chef in the green hat was stood around waiting for it to be cooked, instead of going helping the other chefs."",""startFrame"":53}]"
"PpXErIRQGqLnFgTouLK4","[]","2026-04-21T05:57:14.798Z","2026-04-21T05:58:48.438Z",false,1,,93.64,96,"random3_5_7520000.json","2026-04-21T05:57:14.798Z",158.17,2,"67d411652ada0a7584b2558e","2026-04-21T05:54:36.628Z",,"23c0ee42-36c1-475f-b1e3-7710135de599","[{""createdAt"":""2026-04-21T05:58:49.745Z"",""reason"":""the chef was actually doing the exact"",""feedback"":""pick up onion. add onion to the soup, pick up a dish and serve the soup"",""startFrame"":61,""timeSpentWritingFeedBackSec"":65.81,""index"":1,""baseFrame"":74,""DidSpecifyRange"":true,""endFrame"":85,""sentiment"":4}]"
"QBPEiFiR5VueXiRv7lyk","[]","","2026-04-10T04:19:32.264Z","",3,"","",207,"multiplayer_schelling_5_7520000.json","","",0,"5d9b7c7efaa2860364b16476","","","","[{""createdAt"":""2026-04-10T04:19:32.648Z"",""startFrame"":81,""reason"":""The reason for this feedback is that they need to work together by team msnsgement."",""feedback"":""There is a miscommunication between chef they all are doing the same work rather than doing it in a strategic way."",""timeSpentWritingFeedBackSec"":174.39,""index"":1,""baseFrame"":83,""DidSpecifyRange"":true,""endFrame"":85,""sentiment"":5}]"
"QK8yila3UEKmBDkpwJv5","[]","","2026-04-10T04:12:23.879Z","",3,"","",90,"random0_medium_5_7520000.json","","",2,"66708c3d9418ec5491c5483e","","","","[{""sentiment"":3,""endFrame"":42,""baseFrame"":40,""DidSpecifyRange"":true,""timeSpentWritingFeedBackSec"":0,""index"":2,""startFrame"":38,""reason"":"""",""feedback"":"""",""createdAt"":""2026-04-10T04:12:24.421Z""},{""createdAt"":""2026-04-10T04:12:24.258Z"",""reason"":""inefficient for no reason"",""feedback"":""Chef doesnt drop the dish for the other chef, leading to massive downtime on its side"",""startFrame"":24,""timeSpentWritingFeedBackSec"":39.2,""index"":1,""baseFrame"":26,""DidSpecifyRange"":true,""endFrame"":40,""sentiment"":1}]"
"QpPUeCCQjcfIQ9NWGKMh","[]","2026-04-21T05:44:17.448Z","2026-04-21T05:45:26.880Z",false,2,,69.43,32,"small_corridor_5_7520000.json","2026-04-21T05:44:17.448Z",103.66,0,"662fa9da0240c2626fc31d58","2026-04-21T05:42:33.786Z",,"16fd5d6c-371c-4520-ae0d-f9d1f93c2f99","[]"
"ROl7MRFAD9Yh3UgCiTlQ","[]","2026-04-21T05:40:00.546Z","2026-04-21T05:51:15.219Z",false,4,,674.67,113,"multiplayer_schelling_3_5_7520000.json","2026-04-21T05:40:00.546Z",144,2,"69c57c992edd649f653d0cc6","2026-04-21T05:37:36.548Z",,"5cabd15e-f41d-4d1e-a284-f9aa7632be25","[{""sentiment"":1,""endFrame"":69,""baseFrame"":28,""DidSpecifyRange"":true,""timeSpentWritingFeedBackSec"":83.79,""index"":1,""feedback"":""While they are all moving around and contributing, this seems very inefficient with no clear process. Output would be expected to be low/slow"",""reason"":""Seeing many moving bodies, without much thought or process"",""startFrame"":6,""createdAt"":""2026-04-21T05:51:15.692Z""}]"
"SdwE4nlV1AHOKbyGNXhL","[]","2026-04-21T05:31:40.200Z","2026-04-21T05:40:46.513Z",false,1,,546.31,548,"random3_5_7520000.json","2026-04-21T05:31:40.200Z",123.28,11,"69e2ed0fa8552ceab65b6a83","2026-04-21T05:29:36.918Z",,"d765d347-866f-4e0e-9b3b-a23077f23d8a","[{""DidSpecifyRange"":true,""baseFrame"":3,""endFrame"":99,""sentiment"":2,""createdAt"":""2026-04-21T05:40:47.112Z"",""reason"":""The AI does not understand or was not instructed to be as efficient as possible"",""feedback"":""Over the course of the video both chefs make un necessary movements, wasting time."",""startFrame"":1,""index"":1,""timeSpentWritingFeedBackSec"":110.32}]"
"TG4F2DXyh5WFScVzGYEM","[]","2026-04-21T05:40:00.546Z","2026-04-21T05:54:42.016Z",true,5,881.47,881.47,206,"multiplayer_schelling_5_7520000.json","2026-04-21T05:40:00.546Z",144,3,"69c57c992edd649f653d0cc6","2026-04-21T05:37:36.548Z","2026-04-21T05:54:42.016Z","5cabd15e-f41d-4d1e-a284-f9aa7632be25","[{""timeSpentWritingFeedBackSec"":104.28,""index"":1,""reason"":""Seeing what feels like \""too many cooks in the kitchen\"" and questioning the efficiency of this with what looks like a faster pace."",""feedback"":""This scene feels more productive, but also too crowded with now 4 chefs. It still feels disorganized, but at a faster pace, which does not equal better output. "",""startFrame"":9,""createdAt"":""2026-04-21T05:54:42.504Z"",""sentiment"":2,""endFrame"":39,""baseFrame"":37,""DidSpecifyRange"":true},{""baseFrame"":70,""DidSpecifyRange"":true,""endFrame"":77,""sentiment"":4,""createdAt"":""2026-04-21T05:54:42.641Z"",""startFrame"":49,""reason"":""Seeing more order and efficiency in their movements as it develops over the course of the video."",""feedback"":""Chefs seem to be moving better and more cooperatively here. This part feels more organized and collaborative rather than all of them bouncing around."",""timeSpentWritingFeedBackSec"":60.16,""index"":2}]"
"UATIfo3TRJUYeP5nlDFP","[]",,"2026-04-21T04:31:09.491Z",false,3,,,1,"random0_medium_5_7520000.json",,,0,"ㅁㄴㅇ","2026-04-21T04:20:52.981Z",,"954ea16e-dee6-4bc1-9cd0-06083f12630b","[]"
"UNcjC2L2uF9Mp65MxTYW","[]","2026-04-10T09:35:44.845Z","2026-04-10T09:35:53.066Z",false,4,,8.22,1,"random0_medium_5_7520000.json","2026-04-10T09:35:44.845Z",26.95,0,"hi","2026-04-10T09:35:17.892Z",,"e9a95e9a-9d95-4a27-96bd-d9a5b34f1dee","[]"
"UrUoMVchO3zBfwgnfE3x","[]","","2026-04-10T04:10:52.785Z","",2,"","",152,"multiplayer_schelling_3_5_7520000.json","","",6,"66708c3d9418ec5491c5483e","","","","[{""timeSpentWritingFeedBackSec"":65.47,""index"":2,""createdAt"":""2026-04-10T04:10:53.404Z"",""startFrame"":50,""feedback"":""AI chefs get into a good rythym"",""reason"":""efficient actions by the chefs"",""sentiment"":5,""baseFrame"":7,""DidSpecifyRange"":true,""endFrame"":88},{""sentiment"":1,""baseFrame"":12,""DidSpecifyRange"":true,""endFrame"":10,""timeSpentWritingFeedBackSec"":70.85,""index"":1,""createdAt"":""2026-04-10T04:10:53.170Z"",""startFrame"":0,""feedback"":""moves without substance passing things needing picked up"",""reason"":""unproductive""}]"
"VlenzTtZsFVeXZuvMKhy","[]","2026-04-21T05:41:38.950Z","2026-04-21T05:44:34.962Z",false,1,,176.01,180,"random3_5_7520000.json","2026-04-21T05:41:38.950Z",465,2,"66e9a45427bb5c6168d41030","2026-04-21T05:33:53.952Z",,"ea7bbdac-d663-44a3-a645-682fa8b4d4f1","[{""index"":1,""timeSpentWritingFeedBackSec"":113.45,""createdAt"":""2026-04-21T05:44:37.627Z"",""reason"":""to raise the wrong number of onions was used"",""feedback"":""the chefs prepared two onions instead of three"",""startFrame"":35,""sentiment"":2,""DidSpecifyRange"":true,""baseFrame"":37,""endFrame"":39}]"
"WMkC8Yq5YYgTWViATUQo","[]","2026-04-21T07:21:13.400Z","2026-04-21T07:23:16.792Z",true,5,123.39,123.39,4,"multiplayer_schelling_5_7520000.json","2026-04-21T07:21:13.400Z",163.47,0,"5c747244f33ac60001b7a9e2","2026-04-21T07:18:29.927Z","2026-04-21T07:23:16.792Z","a1c7c4ed-0d72-424f-8d9b-471c71e938d3","[]"
"WuaDN2CDdtLXbPhKD0DX","[]","2026-04-21T07:21:13.400Z","2026-04-21T07:21:34.193Z",false,1,,20.79,24,"random3_5_7520000.json","2026-04-21T07:21:13.400Z",163.47,0,"5c747244f33ac60001b7a9e2","2026-04-21T07:18:29.927Z",,"a1c7c4ed-0d72-424f-8d9b-471c71e938d3","[]"
"XcUAvou2wfRkb7BaQLbw","[]",,"2026-04-21T04:31:10.825Z",false,4,,,1,"multiplayer_schelling_5_7520000.json",,,0,"ㅁㄴㅇ","2026-04-21T04:20:52.981Z",,"954ea16e-dee6-4bc1-9cd0-06083f12630b","[]"
"Y3NuWY1ipykbgUAPZP2G","[]","2026-04-21T05:44:17.448Z","2026-04-21T05:47:28.162Z",false,4,,190.71,32,"multiplayer_schelling_3_5_7520000.json","2026-04-21T05:44:17.448Z",103.66,0,"662fa9da0240c2626fc31d58","2026-04-21T05:42:33.786Z",,"16fd5d6c-371c-4520-ae0d-f9d1f93c2f99","[]"
"YtaDqShvITYVZatvCo6o","[]","","2026-04-10T04:18:29.375Z","",1,"","",129,"multiplayer_schelling_3_5_7520000.json","","",1,"69bf9e3da3ff156e34a65991","","","","[{""sentiment"":5,""endFrame"":81,""baseFrame"":79,""DidSpecifyRange"":true,""timeSpentWritingFeedBackSec"":78.79,""index"":1,""startFrame"":77,""reason"":""The chefs are working together well, and correctly doing the first step."",""feedback"":""The chefs are working together to bring the onions to two pots simultaneously."",""createdAt"":""2026-04-10T04:18:30.190Z""}]"
"ZQkaFkASOJlvGfy7CfPH","[]","","2026-04-10T04:27:24.490Z","",3,"","",175,"random3_5_7520000.json","","",0,"69bf9e3da3ff156e34a65991","","","","[{""endFrame"":99,""baseFrame"":99,""DidSpecifyRange"":true,""sentiment"":4,""startFrame"":0,""reason"":""The chefs are working together well and doing it in the correct order."",""feedback"":""The chefs are working together to take the onions to the pot to fill it, take the dishes while it's cooking and serve. It would only be more efficient if they filled both pots instead of one."",""createdAt"":""2026-04-10T04:27:24.936Z"",""timeSpentWritingFeedBackSec"":132.6,""index"":1}]"
"ZZNWil7VYRNlrbaJa8QA","[]","2026-04-21T05:41:38.950Z","2026-04-21T05:51:50.833Z",false,3,,611.88,78,"random0_medium_5_7520000.json","2026-04-21T05:41:38.950Z",465,0,"66e9a45427bb5c6168d41030","2026-04-21T05:33:53.952Z",,"ea7bbdac-d663-44a3-a645-682fa8b4d4f1","[{""sentiment"":4,""baseFrame"":82,""DidSpecifyRange"":true,""endFrame"":84,""timeSpentWritingFeedBackSec"":45.76,""index"":1,""createdAt"":""2026-04-21T05:51:52.032Z"",""feedback"":""both chefs worked on their work areas without collaborating"",""reason"":"""",""startFrame"":80}]"
"aJZat7GYoFspLddCMNez","[]","","2026-04-10T04:16:04.174Z","",2,"","",189,"small_corridor_5_7520000.json","","",0,"5d9b7c7efaa2860364b16476","","","","[{""index"":1,""timeSpentWritingFeedBackSec"":153.13,""createdAt"":""2026-04-10T04:16:04.687Z"",""reason"":""The reason for this when I am viewing the game the blue chef had to wait for green chef and too took time to serve dishes."",""feedback"":""There is a communication gap for that one chef had to wait for another."",""startFrame"":83,""sentiment"":3,""DidSpecifyRange"":true,""baseFrame"":85,""endFrame"":87}]"
"b4Et79CnE8pbH5Uw0gDE","[]",,"2026-04-21T05:26:49.491Z",true,5,,,6,"multiplayer_schelling_5_7520000.json",,,0,"asd","2026-04-21T05:26:12.813Z","2026-04-21T05:26:49.490Z","8cf55721-0c81-4984-a5bf-a09598daf262","[]"
"b9jGDl4FDMRb3ny6ThAO","[]","2026-04-10T09:35:44.845Z","2026-04-10T09:35:51.303Z",false,2,,6.46,3,"multiplayer_schelling_5_7520000.json","2026-04-10T09:35:44.845Z",26.95,0,"hi","2026-04-10T09:35:17.892Z",,"e9a95e9a-9d95-4a27-96bd-d9a5b34f1dee","[]"
"bYzNKdRxBvaN0P3NqMiG","[]","2026-04-21T05:49:36.876Z","2026-04-21T05:53:08.131Z",false,2,,211.25,89,"small_corridor_5_7520000.json","2026-04-21T05:49:36.876Z",310.69,0,"67e1da8a432675c0e850e8d1","2026-04-21T05:44:26.183Z",,"9e7935fd-9878-4139-b583-476f7029dbe4","[{""startFrame"":40,""reason"":""Everywhere is supposed to be clean"",""feedback"":""There was a drop of onion"",""createdAt"":""2026-04-21T05:53:09.445Z"",""timeSpentWritingFeedBackSec"":33.44,""index"":1,""endFrame"":44,""baseFrame"":42,""DidSpecifyRange"":true,""sentiment"":2}]"
"bflOm8z2mv75RikDpMEe","[]","2026-04-21T06:17:42.115Z","2026-04-21T06:20:31.575Z",false,3,,169.46,57,"random0_medium_5_7520000.json","2026-04-21T06:17:42.115Z",115.01,4,"64a9858be9b52e570ffb3c1e","2026-04-21T06:15:47.103Z",,"8490d32f-dd25-4b53-be7c-6dde7e8b9763","[{""createdAt"":""2026-04-21T06:20:31.784Z"",""startFrame"":21,""reason"":""Lack of awareness of cooked onions."",""feedback"":""Chef in the green hat, let the onions that were cooked on his stove for far too long."",""timeSpentWritingFeedBackSec"":36.22,""index"":1,""baseFrame"":61,""DidSpecifyRange"":true,""endFrame"":33,""sentiment"":2}]"
"cUDZYmA5WmILtIamBk1q","[]","2026-04-21T05:49:36.876Z","2026-04-21T05:56:21.794Z",true,5,404.92,404.92,85,"multiplayer_schelling_5_7520000.json","2026-04-21T05:49:36.876Z",310.69,0,"67e1da8a432675c0e850e8d1","2026-04-21T05:44:26.183Z","2026-04-21T05:56:21.794Z","9e7935fd-9878-4139-b583-476f7029dbe4","[{""index"":1,""timeSpentWritingFeedBackSec"":41.09,""createdAt"":""2026-04-21T05:56:22.999Z"",""reason"":""Distort order"",""feedback"":""Dropping the onions where they are not supposed to"",""startFrame"":64,""sentiment"":2,""DidSpecifyRange"":true,""baseFrame"":66,""endFrame"":68}]"
"d2N4AIkbUpFYB59YCleV","[]","2026-04-21T05:47:52.131Z","2026-04-21T05:58:38.333Z",false,3,,646.2,317,"random0_medium_5_7520000.json","2026-04-21T05:47:52.131Z",241.4,8,"698ea1be50ea8dbf93448cff","2026-04-21T05:43:50.729Z",,"bc18b8ba-70b6-4457-b050-d22dc1b24b45","[{""reason"":""Negative-chefs were not in the correct open place to transfer the soup."",""feedback"":""Here chefs were not in the correct open spot to transfer the soup."",""startFrame"":83,""createdAt"":""2026-04-21T05:58:39.436Z"",""timeSpentWritingFeedBackSec"":47.12,""index"":5,""endFrame"":87,""baseFrame"":85,""DidSpecifyRange"":true,""sentiment"":2},{""sentiment"":5,""endFrame"":99,""baseFrame"":98,""DidSpecifyRange"":true,""index"":4,""timeSpentWritingFeedBackSec"":32.76,""reason"":""Good-served 2 soups correctly. "",""feedback"":""Correctly served 2 soups chef in green hat. "",""startFrame"":96,""createdAt"":""2026-04-21T05:58:39.318Z""},{""index"":3,""timeSpentWritingFeedBackSec"":33.59,""createdAt"":""2026-04-21T05:58:39.189Z"",""reason"":""Chef in green hat correctly served one soup,"",""feedback"":""Chef in green hat correctly served one soup. "",""startFrame"":52,""sentiment"":5,""baseFrame"":54,""DidSpecifyRange"":true,""endFrame"":56},{""sentiment"":5,""baseFrame"":26,""DidSpecifyRange"":true,""endFrame"":28,""timeSpentWritingFeedBackSec"":48.55,""index"":1,""createdAt"":""2026-04-21T05:58:38.805Z"",""startFrame"":24,""feedback"":""Chef in blue hat correctly put 3 onions in pot for the soup. "",""reason"":""Chef in blue hat correctly placed 3 onions in the pot. ""},{""timeSpentWritingFeedBackSec"":47.05,""index"":2,""createdAt"":""2026-04-21T05:58:38.947Z"",""reason"":""Good placement of soup from chef in blue hat to chef in green hat. "",""feedback"":""Chef blue hat handed off soup to chef in green hat. "",""startFrame"":47,""sentiment"":5,""baseFrame"":49,""DidSpecifyRange"":true,""endFrame"":51}]"
"dsxCpbRcG1doutweMgDM","[]",,"2026-04-21T05:22:05.334Z",false,4,,,1,"random0_medium_5_7520000.json",,,0,"ㅁㄴㅇ","2026-04-21T05:21:42.686Z",,"cd4ed84b-5b55-4fc0-81dc-7873b99e4721","[]"
"ffl6o4qnHUM9j6O9SCkz","[]","2026-04-10T09:35:44.845Z","2026-04-10T09:35:55.008Z",true,5,10.16,10.16,2,"random3_5_7520000.json","2026-04-10T09:35:44.845Z",26.95,0,"hi","2026-04-10T09:35:17.892Z","2026-04-10T09:35:55.008Z","e9a95e9a-9d95-4a27-96bd-d9a5b34f1dee","[]"
"fyyUPhbjsyfv2cvlkqdD","[]","2026-04-21T05:57:14.798Z","2026-04-21T06:02:11.151Z",false,3,,296.35,95,"random0_medium_5_7520000.json","2026-04-21T05:57:14.798Z",158.17,0,"67d411652ada0a7584b2558e","2026-04-21T05:54:36.628Z",,"23c0ee42-36c1-475f-b1e3-7710135de599","[{""sentiment"":4,""DidSpecifyRange"":true,""baseFrame"":58,""endFrame"":60,""timeSpentWritingFeedBackSec"":71.88,""index"":1,""createdAt"":""2026-04-21T06:02:12.669Z"",""startFrame"":56,""feedback"":""one of the chef pick up the onion, the other was in the the serving area also picking up the dish to serve the food"",""reason"":""the chefs was actully doing the exact""}]"
"gGJpkxDhH9nxvemxt9DR","[]","","2026-04-10T04:16:25.833Z","",5,"","",129,"random3_5_7520000.json","","",3,"66708c3d9418ec5491c5483e","","","","[{""timeSpentWritingFeedBackSec"":19.34,""index"":3,""startFrame"":null,""reason"":""Failure to use all equipment available"",""feedback"":""Never make use of both stoves"",""createdAt"":""2026-04-10T04:16:26.704Z"",""sentiment"":1,""endFrame"":null,""baseFrame"":89,""DidSpecifyRange"":false},{""createdAt"":""2026-04-10T04:16:26.556Z"",""reason"":""massive inefficiency"",""feedback"":""Green hat chef is not completing any tasks, aimlessly wandering"",""startFrame"":21,""timeSpentWritingFeedBackSec"":54.16,""index"":2,""baseFrame"":23,""DidSpecifyRange"":true,""endFrame"":48,""sentiment"":1},{""timeSpentWritingFeedBackSec"":33.44,""index"":1,""startFrame"":11,""feedback"":""Needless movement around when it could have continued passing for efficiency"",""reason"":""Needless inefficiency with no gain"",""createdAt"":""2026-04-10T04:16:26.342Z"",""sentiment"":1,""endFrame"":23,""DidSpecifyRange"":true,""baseFrame"":13}]"
"hAB23BZpwcVVFopGBnaV","[]",,"2026-04-21T05:22:03.917Z",false,2,,,0,"multiplayer_schelling_3_5_7520000.json",,,0,"ㅁㄴㅇ","2026-04-21T05:21:42.686Z",,"cd4ed84b-5b55-4fc0-81dc-7873b99e4721","[]"
"jCiJVBNvIo3MpvHY6A0Y","[]","2026-04-21T07:21:13.400Z","2026-04-21T07:23:12.222Z",false,4,,118.82,3,"multiplayer_schelling_3_5_7520000.json","2026-04-21T07:21:13.400Z",163.47,0,"5c747244f33ac60001b7a9e2","2026-04-21T07:18:29.927Z",,"a1c7c4ed-0d72-424f-8d9b-471c71e938d3","[]"
"jZJboQgu2XbKHXGOmlsl","[]","2026-04-21T06:37:52.882Z","2026-04-21T06:40:18.198Z",false,1,,145.31,148,"random3_5_7520000.json","2026-04-21T06:37:52.882Z",143.82,2,"5dd005a9eb39730fc834988f","2026-04-21T06:35:29.057Z",,"33eda4a4-ae8b-477b-a98a-618bd7c15164","[{""baseFrame"":59,""DidSpecifyRange"":true,""endFrame"":24,""sentiment"":1,""createdAt"":""2026-04-21T06:40:19.344Z"",""startFrame"":5,""feedback"":""They don't seem very coordinated and got in each other way."",""reason"":""They could work more efficiently."",""timeSpentWritingFeedBackSec"":88.44,""index"":1}]"
"lSPuBu18FtGF7DDaCYUJ","[]",,"2026-04-21T04:31:08.058Z",false,2,,,3,"multiplayer_schelling_3_5_7520000.json",,,0,"ㅁㄴㅇ","2026-04-21T04:20:52.981Z",,"954ea16e-dee6-4bc1-9cd0-06083f12630b","[]"
"mS6A0EogWS8QV4Lst5Wi","[]","","2026-04-10T04:20:49.119Z","",4,"","",76,"random3_5_7520000.json","","",0,"5d9b7c7efaa2860364b16476","","","","[{""index"":1,""timeSpentWritingFeedBackSec"":37.07,""reason"":""Because they worked together make served 2"",""feedback"":""I have positive feedback for this."",""startFrame"":97,""createdAt"":""2026-04-10T04:20:49.533Z"",""sentiment"":5,""endFrame"":99,""baseFrame"":99,""DidSpecifyRange"":true}]"
"mTmW8uktp4w8Zx94nSOg","[]","2026-04-10T09:35:44.845Z","2026-04-10T09:35:48.160Z",false,1,,3.31,6,"multiplayer_schelling_3_5_7520000.json","2026-04-10T09:35:44.845Z",26.95,0,"hi","2026-04-10T09:35:17.892Z",,"e9a95e9a-9d95-4a27-96bd-d9a5b34f1dee","[]"
"n1NKQPSHlCXU1fWVoID5","[]",,"2026-04-21T05:22:02.818Z",false,1,,,1,"random3_5_7520000.json",,,0,"ㅁㄴㅇ","2026-04-21T05:21:42.686Z",,"cd4ed84b-5b55-4fc0-81dc-7873b99e4721","[]"
"nAGR7yEKJB6MjK8rquI5","[]","2026-04-21T05:57:14.798Z","2026-04-21T06:00:35.016Z",false,2,,200.22,105,"small_corridor_5_7520000.json","2026-04-21T05:57:14.798Z",158.17,0,"67d411652ada0a7584b2558e","2026-04-21T05:54:36.628Z",,"23c0ee42-36c1-475f-b1e3-7710135de599","[{""reason"":""the chefs was actually doing the exact"",""feedback"":""2 chefs was there,one picked up the onion, another add onion to the soup and pick up the dish i the serving area"",""startFrame"":39,""createdAt"":""2026-04-21T06:00:36.152Z"",""index"":1,""timeSpentWritingFeedBackSec"":85.44,""endFrame"":43,""DidSpecifyRange"":true,""baseFrame"":41,""sentiment"":4}]"
"nXQZY1EshGkGy08R0PSD","[]","2026-04-21T05:47:52.131Z","2026-04-21T06:04:23.828Z",false,4,,991.7,344,"multiplayer_schelling_3_5_7520000.json","2026-04-21T05:47:52.131Z",241.4,13,"698ea1be50ea8dbf93448cff","2026-04-21T05:43:50.729Z",,"bc18b8ba-70b6-4457-b050-d22dc1b24b45","[{""createdAt"":""2026-04-21T06:04:24.728Z"",""reason"":""Positive-served 4 in the right serving area. "",""feedback"":""positive-served 4 at the right spot to serve "",""startFrame"":95,""timeSpentWritingFeedBackSec"":38.95,""index"":4,""baseFrame"":97,""DidSpecifyRange"":true,""endFrame"":99,""sentiment"":5},{""baseFrame"":52,""DidSpecifyRange"":true,""endFrame"":54,""sentiment"":4,""createdAt"":""2026-04-21T06:04:24.313Z"",""startFrame"":50,""reason"":""positive-worked together all three onions in soup pot. Served one and 2 very very fast. "",""feedback"":""All three worked together 3 onions now in soup pot. "",""timeSpentWritingFeedBackSec"":127.12,""index"":1},{""sentiment"":2,""baseFrame"":80,""DidSpecifyRange"":true,""endFrame"":82,""timeSpentWritingFeedBackSec"":48.3,""index"":3,""createdAt"":""2026-04-21T06:04:24.595Z"",""reason"":""did not see chef at serving spot for serve three. "",""feedback"":""says served 3 but did not see chef at serving area when 3 came up."",""startFrame"":78},{""reason"":""positive-more onions in soup pot correct amount. "",""feedback"":""more onions in soup pot correctly "",""startFrame"":71,""createdAt"":""2026-04-21T06:04:24.463Z"",""timeSpentWritingFeedBackSec"":36.05,""index"":2,""endFrame"":75,""baseFrame"":73,""DidSpecifyRange"":true,""sentiment"":5}]"
"o062qMwvYThRoabVRZL9","[]","2026-04-21T05:31:40.200Z","2026-04-21T05:46:32.103Z",false,3,,891.9,156,"random0_medium_5_7520000.json","2026-04-21T05:31:40.200Z",123.28,1,"69e2ed0fa8552ceab65b6a83","2026-04-21T05:29:36.918Z",,"d765d347-866f-4e0e-9b3b-a23077f23d8a","[{""timeSpentWritingFeedBackSec"":103.12,""index"":1,""startFrame"":37,""reason"":""The AI either is incapable of placing an empty plate on the counter or wasn't instructed that they could"",""feedback"":""The chef with the blue hat does not give Green hat an empty plate to use"",""createdAt"":""2026-04-21T05:46:32.714Z"",""sentiment"":2,""endFrame"":99,""baseFrame"":39,""DidSpecifyRange"":true}]"
"odIph5CV3EgJ1baGCz0r","[]","2026-04-21T06:20:26.197Z","2026-04-21T06:41:24.260Z",false,2,,1258.06,485,"small_corridor_5_7520000.json","2026-04-21T06:20:26.197Z",267.26,7,"69bda4649ced6db17f093427","2026-04-21T06:15:58.935Z",,"3eee937e-bc81-4a84-b55b-6e1e87a32516","[{""sentiment"":2,""baseFrame"":42,""DidSpecifyRange"":true,""endFrame"":85,""timeSpentWritingFeedBackSec"":390.15,""index"":1,""createdAt"":""2026-04-21T06:41:24.728Z"",""reason"":""It would have been better if the chef with the blue hat had continued to serve the onions to the chef in the green hat in a single, reliable spot (i.e. at the original location which was fine). The abrupt switch and subsequent choice to place the onions at two different locations on the kitchen countertop is a time wasting, inefficient move which I would not personally have chosen. "",""feedback"":""The chef in the blue hat is confusing the chef in green and forcing them to travel unnecessarily by serving them the onions in two different locations along the kitchen countertop. "",""startFrame"":42}]"
"oqLYQ7DfFcrHitQznsUt","[]","2026-04-21T05:49:36.876Z","2026-04-21T05:54:56.405Z",false,4,,319.53,44,"multiplayer_schelling_3_5_7520000.json","2026-04-21T05:49:36.876Z",310.69,0,"67e1da8a432675c0e850e8d1","2026-04-21T05:44:26.183Z",,"9e7935fd-9878-4139-b583-476f7029dbe4","[]"
"oxYjqKPIsZksYEiw6fDC","[]","2026-04-21T05:31:40.200Z","2026-04-21T05:48:46.780Z",false,4,,1026.58,134,"multiplayer_schelling_3_5_7520000.json","2026-04-21T05:31:40.200Z",123.28,2,"69e2ed0fa8552ceab65b6a83","2026-04-21T05:29:36.918Z",,"d765d347-866f-4e0e-9b3b-a23077f23d8a","[{""startFrame"":0,""reason"":""Another Chef"",""feedback"":""With the addition of the third chef, they become more efficient"",""createdAt"":""2026-04-21T05:48:47.374Z"",""timeSpentWritingFeedBackSec"":67.25,""index"":1,""endFrame"":99,""baseFrame"":0,""DidSpecifyRange"":true,""sentiment"":4}]"
"oyI9kfOLiuR9e3PhouvA","[]","2026-04-21T05:57:14.798Z","2026-04-21T06:03:40.618Z",false,4,,385.82,87,"multiplayer_schelling_3_5_7520000.json","2026-04-21T05:57:14.798Z",158.17,0,"67d411652ada0a7584b2558e","2026-04-21T05:54:36.628Z",,"23c0ee42-36c1-475f-b1e3-7710135de599","[{""baseFrame"":6,""DidSpecifyRange"":true,""endFrame"":8,""sentiment"":5,""createdAt"":""2026-04-21T06:03:41.745Z"",""reason"":""the 3 chefs was actually doing the exact "",""feedback"":""3 chefs was actually present, ecah picking uop the onion they needed andf also putting it the soup, picking up a dish and serving the food "",""startFrame"":4,""index"":1,""timeSpentWritingFeedBackSec"":70.72}]"
"rtwEYza48ONVlODH2MKw","[]","2026-04-21T05:44:17.448Z","2026-04-21T05:46:55.634Z",false,3,,158.19,88,"random0_medium_5_7520000.json","2026-04-21T05:44:17.448Z",103.66,0,"662fa9da0240c2626fc31d58","2026-04-21T05:42:33.786Z",,"16fd5d6c-371c-4520-ae0d-f9d1f93c2f99","[{""sentiment"":3,""endFrame"":86,""baseFrame"":84,""DidSpecifyRange"":true,""timeSpentWritingFeedBackSec"":51.57,""index"":1,""reason"":""It would be a good idea for the AI to give the other one plates because it cannot reach it "",""feedback"":"" The blue hate chef did not grab a plate for the other chef"",""startFrame"":82,""createdAt"":""2026-04-21T05:46:55.879Z""}]"
"s0HUGhwDV1rfffmfQZ8H","[]","2026-04-21T07:21:13.400Z","2026-04-21T07:23:09.163Z",false,3,,115.76,16,"random0_medium_5_7520000.json","2026-04-21T07:21:13.400Z",163.47,0,"5c747244f33ac60001b7a9e2","2026-04-21T07:18:29.927Z",,"a1c7c4ed-0d72-424f-8d9b-471c71e938d3","[]"
"tBAimzucUEe1AHarOP5w","[]","2026-04-21T05:44:17.448Z","2026-04-21T05:48:00.882Z",true,5,223.43,223.43,33,"multiplayer_schelling_5_7520000.json","2026-04-21T05:44:17.448Z",103.66,0,"662fa9da0240c2626fc31d58","2026-04-21T05:42:33.786Z","2026-04-21T05:48:00.882Z","16fd5d6c-371c-4520-ae0d-f9d1f93c2f99","[]"
"wMxAbrLNVVD2WEemNE6C","[]","2026-04-21T06:17:42.115Z","2026-04-21T06:18:30.156Z",false,1,,48.04,49,"random3_5_7520000.json","2026-04-21T06:17:42.115Z",115.01,1,"64a9858be9b52e570ffb3c1e","2026-04-21T06:15:47.103Z",,"8490d32f-dd25-4b53-be7c-6dde7e8b9763","[{""index"":1,""timeSpentWritingFeedBackSec"":31.96,""reason"":""Not efficient."",""feedback"":""They were all over the place and didn't stay on their side of the middle table."",""startFrame"":30,""createdAt"":""2026-04-21T06:18:30.397Z"",""sentiment"":2,""endFrame"":47,""DidSpecifyRange"":true,""baseFrame"":45}]"
"whUupV4BN1cf92mG8fg4","[]","2026-04-21T05:47:52.131Z","2026-04-21T06:08:01.861Z",true,5,1209.73,1209.73,217,"multiplayer_schelling_5_7520000.json","2026-04-21T05:47:52.131Z",241.4,17,"698ea1be50ea8dbf93448cff","2026-04-21T05:43:50.729Z","2026-04-21T06:08:01.860Z","bc18b8ba-70b6-4457-b050-d22dc1b24b45","[{""endFrame"":58,""baseFrame"":56,""DidSpecifyRange"":true,""sentiment"":5,""reason"":""positive-correct amount of 3 onions in the pot of soup."",""feedback"":""correct amount of onions in the pot "",""startFrame"":54,""createdAt"":""2026-04-21T06:08:02.589Z"",""timeSpentWritingFeedBackSec"":35.39,""index"":3},{""index"":1,""timeSpentWritingFeedBackSec"":32.33,""createdAt"":""2026-04-21T06:08:02.328Z"",""reason"":""positive-got first three onions in pot correctly. "",""feedback"":""worked very fast to get first 3 onions in pot "",""startFrame"":16,""sentiment"":5,""baseFrame"":18,""DidSpecifyRange"":true,""endFrame"":20},{""index"":4,""timeSpentWritingFeedBackSec"":31.75,""createdAt"":""2026-04-21T06:08:02.776Z"",""reason"":""chef in orange correctly served 2 correct serving location-positive"",""feedback"":""chef in orange correctly served 2 correct serving location"",""startFrame"":71,""sentiment"":5,""DidSpecifyRange"":true,""baseFrame"":73,""endFrame"":75},{""endFrame"":46,""baseFrame"":44,""DidSpecifyRange"":true,""sentiment"":5,""startFrame"":42,""feedback"":""Chef in blue served fast one in correct serving area. "",""reason"":""positive-chef in blue hat correctly served one soup in correct serving area. "",""createdAt"":""2026-04-21T06:08:02.437Z"",""timeSpentWritingFeedBackSec"":41.65,""index"":2}]"
"z27RRog54Voh4k20ANtH","[]",,"2026-04-21T04:31:12.825Z",true,5,,,2,"random3_5_7520000.json",,,0,"ㅁㄴㅇ","2026-04-21T04:20:52.981Z","2026-04-21T04:31:12.825Z","954ea16e-dee6-4bc1-9cd0-06083f12630b","[]"
"zlB8aDTCTM37C9b2WH5q","[]","2026-04-21T05:47:52.131Z","2026-04-21T05:53:20.571Z",false,2,,328.44,138,"small_corridor_5_7520000.json","2026-04-21T05:47:52.131Z",241.4,2,"698ea1be50ea8dbf93448cff","2026-04-21T05:43:50.729Z",,"bc18b8ba-70b6-4457-b050-d22dc1b24b45","[{""createdAt"":""2026-04-21T05:53:21.150Z"",""startFrame"":68,""reason"":""Chef in green hat correctly served one soup."",""feedback"":""Chef in green hat correctly served one."",""timeSpentWritingFeedBackSec"":45.05,""index"":2,""baseFrame"":70,""DidSpecifyRange"":true,""endFrame"":72,""sentiment"":5},{""reason"":""Corect amount of 3 onions to the pot. "",""feedback"":""Correct amount of 3 onions to the pot."",""startFrame"":38,""createdAt"":""2026-04-21T05:53:21.008Z"",""index"":1,""timeSpentWritingFeedBackSec"":41.02,""endFrame"":42,""baseFrame"":40,""DidSpecifyRange"":true,""sentiment"":5}]"
